{"cameraMode":{"drawMode":0,"name":"Shaded","section":"Shading Mode"},"sceneLighting":false,"audioPlay":false,"sceneViewState":{"m_AlwaysRefresh":false,"showFog":true,"showSkybox":false,"showFlares":true,"showImageEffects":true,"showParticleSystems":true,"showVisualEffectGraphs":true,"m_FxEnabled":true},"in2DMode":false,"pivot":{"x":0.03501361608505249,"y":-0.02229834347963333,"z":0.06604074686765671},"rotation":{"x":0.12069832533597946,"y":-0.6981505155563355,"z":0.12120697647333145,"w":0.6952224969863892},"size":0.13466475903987885,"orthographic":false}