{"cameraMode":{"drawMode":0,"name":"Shaded","section":"Shading Mode"},"sceneLighting":false,"audioPlay":false,"sceneViewState":{"m_AlwaysRefresh":false,"showFog":true,"showSkybox":false,"showFlares":true,"showImageEffects":true,"showParticleSystems":true,"showVisualEffectGraphs":true,"m_FxEnabled":true},"in2DMode":false,"pivot":{"x":-0.011637264862656594,"y":-0.07299256324768067,"z":-0.7797049283981323},"rotation":{"x":0.20720133185386659,"y":-0.21230289340019227,"z":0.04611669108271599,"w":0.953871488571167},"size":1.751423954963684,"orthographic":true}