{"cameraMode":{"drawMode":0,"name":"Shaded","section":"Shading Mode"},"sceneLighting":false,"audioPlay":false,"sceneViewState":{"m_AlwaysRefresh":false,"showFog":true,"showSkybox":false,"showFlares":true,"showImageEffects":true,"showParticleSystems":true,"showVisualEffectGraphs":true,"m_FxEnabled":true},"in2DMode":false,"pivot":{"x":0.009559683501720429,"y":0.03075382113456726,"z":-0.1808241307735443},"rotation":{"x":0.07127010077238083,"y":0.043375588953495029,"z":-0.0031022941693663599,"w":0.9965101480484009},"size":0.6879351139068604,"orthographic":true}